﻿<Beers>
  <!-- the default namespace inside tables is that of HTML -->
  <table xmlns='http://www.w3.org/1999/xhtml'>
   <th><td>Name</td><td>Origin</td><td>Description</td></th>
   <tr> 
     <!-- no default namespace inside table cells -->
     <td><brandName xmlns="">Huntsman</brandName></td>
     <td><origin xmlns="">Bath, UK</origin></td>
     <td>
       <details xmlns=""><class>Bitter</class><hop>Fuggles</hop>
         <pro>Wonderful hop, light alcohol, good summer beer</pro>
         <con>Fragile; excessive variance pub to pub</con>
         </details>
        </td>
      </tr>
    </table>
  </Beers>