﻿<opml version="1.0">
<head>
<title>Bloglines Subscriptions</title>
<dateCreated>Wed, 29 Sep 2004 16:11:52 GMT</dateCreated>
<ownerName>judell@mv.com</ownerName>
</head>
<body>
<outline title="Subscriptions">
<outline title=".Text Blog" xmlUrl="http://blog.ziffdavis.com/seltzer/rss.aspx"
  htmlUrl="http://blog.ziffdavis.com/seltzer/" type="rss"
  BloglinesSubId="2849970"  BloglinesUnread="50" BloglinesIgnore="" />
<outline title="ACM  Queue" htmlUrl="http://www.acmqueue.com/" type="rss"
  xmlUrl="http://acmqueue.com/rss.rdf"  BloglinesSubId="2849972"
  BloglinesUnread="70" BloglinesIgnore="0" />
</outline>
</body>
</opml>
